series id,county,state,10y_change,county_state
ATNHPIUS06037A,Los Angeles County, CA,80.99842721500556,"Los Angeles County,  CA"
ATNHPIUS06059A,Orange County, CA,66.07825831126803,"Orange County,  CA"
ATNHPIUS36119A,Westchester County, NY,24.74857030171564,"Westchester County,  NY"
ATNHPIUS53033A,King County, WA,93.55834678268191,"King County,  WA"
ATNHPIUS06083A,Santa Barbara County, CA,61.0992197749085,"Santa Barbara County,  CA"
ATNHPIUS51059A,Fairfax County, VA,41.83087490147505,"Fairfax County,  VA"
ATNHPIUS12086A,Miami-Dade County, FL,103.96320844041658,"Miami-Dade County,  FL"
ATNHPIUS04013A,Maricopa County, AZ,130.1666810605406,"Maricopa County,  AZ"
ATNHPIUS06085A,Santa Clara County, CA,71.8201149877924,"Santa Clara County,  CA"
ATNHPIUS09001A,Fairfield County, CT,15.08270458502611,"Fairfield County,  CT"
ATNHPIUS15009A,Maui County, HI,71.06079970786926,"Maui County,  HI"
ATNHPIUS24510A,Baltimore city, MD,24.111137273369444,"Baltimore city,  MD"
ATNHPIUS51013A,Arlington County, VA,41.671972182770936,"Arlington County,  VA"
ATNHPIUS34003A,Bergen County, NJ,24.376678174146544,"Bergen County,  NJ"
ATNHPIUS12115A,Sarasota County, FL,120.20202020202022,"Sarasota County,  FL"
ATNHPIUS06073A,San Diego County, CA,82.07792207792207,"San Diego County,  CA"
ATNHPIUS24031A,Montgomery County, MD,28.846480548162408,"Montgomery County,  MD"
ATNHPIUS36081A,Queens County, NY,58.88080520759258,"Queens County,  NY"
ATNHPIUS04019A,Pima County, AZ,59.732296418156004,"Pima County,  AZ"
ATNHPIUS42101A,Philadelphia County, PA,45.45548600693187,"Philadelphia County,  PA"
ATNHPIUS42017A,Bucks County, PA,28.71875988611198,"Bucks County,  PA"
ATNHPIUS06041A,Marin County, CA,55.07148738678044,"Marin County,  CA"
ATNHPIUS48015A,Austin County, TX,55.24125329904581,"Austin County,  TX"
ATNHPIUS12011A,Broward County, FL,102.2168537729146,"Broward County,  FL"
ATNHPIUS06013A,Contra Costa County, CA,98.83683097445908,"Contra Costa County,  CA"
ATNHPIUS06097A,Sonoma County, CA,82.88156288156287,"Sonoma County,  CA"
ATNHPIUS06067A,Sacramento County, CA,111.05333648467656,"Sacramento County,  CA"
ATNHPIUS53061A,Snohomish County, WA,99.98536835174484,"Snohomish County,  WA"
ATNHPIUS36087A,Rockland County, NY,23.93883469549169,"Rockland County,  NY"
ATNHPIUS30063A,Missoula County, MT,65.16165343005443,"Missoula County,  MT"
ATNHPIUS06111A,Ventura County, CA,65.12005191434133,"Ventura County,  CA"
ATNHPIUS29189A,St. Louis County, MO,32.86564972673137,"St. Louis County,  MO"
ATNHPIUS12099A,Palm Beach County, FL,104.17029300841311,"Palm Beach County,  FL"
ATNHPIUS49035A,Salt Lake County, UT,98.68887046944465,"Salt Lake County,  UT"
ATNHPIUS06001A,Alameda County, CA,96.53136531365315,"Alameda County,  CA"
ATNHPIUS29053A,Cooper County, MO,41.597818902842015,"Cooper County,  MO"
ATNHPIUS06081A,San Mateo County, CA,69.84380675626588,"San Mateo County,  CA"
ATNHPIUS36103A,Suffolk County, NY,34.45742502709864,"Suffolk County,  NY"
ATNHPIUS55025A,Dane County, WI,42.74769797421732,"Dane County,  WI"
ATNHPIUS15007A,Kauai County, HI,65.68231441048034,"Kauai County,  HI"
ATNHPIUS42029A,Chester County, PA,29.67644747183652,"Chester County,  PA"
ATNHPIUS08013A,Boulder County, CO,87.90909818356407,"Boulder County,  CO"
ATNHPIUS49049A,Utah County, UT,99.46259131749096,"Utah County,  UT"
ATNHPIUS42003A,Allegheny County, PA,53.47712618974515,"Allegheny County,  PA"
ATNHPIUS17031A,Cook County, IL,21.11376554905677,"Cook County,  IL"
ATNHPIUS36059A,Nassau County, NY,40.26453007757855,"Nassau County,  NY"
ATNHPIUS37183A,Wake County, NC,58.51804433063935,"Wake County,  NC"
ATNHPIUS12103A,Pinellas County, FL,113.27049119964654,"Pinellas County,  FL"
ATNHPIUS48453A,Travis County, TX,120.07474263150475,"Travis County,  TX"
ATNHPIUS48201A,Harris County, TX,62.33625244264315,"Harris County,  TX"
ATNHPIUS06065A,Riverside County, CA,117.7519011406844,"Riverside County,  CA"
ATNHPIUS42069A,Lackawanna County, PA,16.969336111938063,"Lackawanna County,  PA"
ATNHPIUS06053A,Monterey County, CA,98.45484415238433,"Monterey County,  CA"
ATNHPIUS42077A,Lehigh County, PA,29.22528101231744,"Lehigh County,  PA"
ATNHPIUS12057A,Hillsborough County, FL,101.16666666666667,"Hillsborough County,  FL"
ATNHPIUS42091A,Montgomery County, PA,29.01045651619485,"Montgomery County,  PA"
ATNHPIUS53063A,Spokane County, WA,86.59294641104495,"Spokane County,  WA"
ATNHPIUS13135A,Gwinnett County, GA,84.93921430724404,"Gwinnett County,  GA"
ATNHPIUS51107A,Loudoun County, VA,50.26758908758649,"Loudoun County,  VA"
ATNHPIUS06071A,San Bernardino County, CA,108.04840298297458,"San Bernardino County,  CA"
ATNHPIUS25017A,Middlesex County, MA,54.355635383924565,"Middlesex County,  MA"
ATNHPIUS53053A,Pierce County, WA,92.41463913310162,"Pierce County,  WA"
ATNHPIUS17043A,DuPage County, IL,21.853619729514705,"DuPage County,  IL"
ATNHPIUS53035A,Kitsap County, WA,79.9042451324609,"Kitsap County,  WA"
ATNHPIUS55063A,La Crosse County, WI,41.32568322512455,"La Crosse County,  WI"
ATNHPIUS25019A,Nantucket County, MA,51.929028264906115,"Nantucket County,  MA"
ATNHPIUS42095A,Northampton County, PA,27.268524633469838,"Northampton County,  PA"
ATNHPIUS36055A,Monroe County, NY,40.706667752177815,"Monroe County,  NY"
ATNHPIUS42079A,Luzerne County, PA,18.62833861475781,"Luzerne County,  PA"
RPPSERVERENT31080,Regional Price Parities: Services: Housing for Los Angeles-Long Beach-Anaheim, CA (MSA),1.2664807373086557,"Regional Price Parities: Services: Housing for Los Angeles-Long Beach-Anaheim,  CA (MSA)"
ATNHPIUS12015A,Charlotte County, FL,107.93918918918916,"Charlotte County,  FL"
ATNHPIUS37035A,Catawba County, NC,39.43231441048036,"Catawba County,  NC"
ATNHPIUS48113A,Dallas County, TX,85.18010014537232,"Dallas County,  TX"
ATNHPIUS26123A,Newaygo County, MI,60.017652250661946,"Newaygo County,  MI"
ATNHPIUS36061A,New York County, NY,55.54486408467645,"New York County,  NY"
ATNHPIUS45019A,Charleston County, SC,72.78724573941724,"Charleston County,  SC"
ATNHPIUS06075A,San Francisco County, CA,63.10181024521763,"San Francisco County,  CA"
ATNHPIUS56039A,Teton County, WY,84.77783203125,"Teton County,  WY"
ATNHPIUS26103A,Marquette County, MI,38.56298942162384,"Marquette County,  MI"
ATNHPIUS48085A,Collin County, TX,93.15846629354273,"Collin County,  TX"
ATNHPIUS42045A,Delaware County, PA,26.125538300926543,"Delaware County,  PA"
ATNHPIUS51510A,Alexandria city, VA,41.6947004046609,"Alexandria city,  VA"
ATNHPIUS12071A,Lee County, FL,129.59941997462388,"Lee County,  FL"
ATNHPIUS20091A,Johnson County, KS,59.14432307183052,"Johnson County,  KS"
ATNHPIUS37063A,Durham County, NC,67.96519193233573,"Durham County,  NC"
ATNHPIUS16015A,Boise County, ID,91.59504734158776,"Boise County,  ID"
ATNHPIUS13121A,Fulton County, GA,67.50560248233064,"Fulton County,  GA"
ATNHPIUS12031A,Duval County, FL,71.25748502994013,"Duval County,  FL"
ATNHPIUS39035A,Cuyahoga County, OH,38.20852296235002,"Cuyahoga County,  OH"
ATNHPIUS30029A,Flathead County, MT,77.00024467824812,"Flathead County,  MT"
ATNHPIUS21067A,Fayette County, KY,44.81301830699421,"Fayette County,  KY"
RPPSERVERENTUSNMP,Regional Price Parities: Services: Housing: Nonmetropolitan Portion for United States,,-7.489884794761716,
ATNHPIUS55079A,Milwaukee County, WI,30.48695517535033,"Milwaukee County,  WI"
ATNHPIUS12109A,St. Johns County, FL,80.78078078078077,"St. Johns County,  FL"
ATNHPIUS37119A,Mecklenburg County, NC,77.97360507851654,"Mecklenburg County,  NC"
ATNHPIUS06061A,Placer County, CA,91.80022664723975,"Placer County,  CA"
ATNHPIUS19147A,Palo Alto County, IA,34.57000613789811,"Palo Alto County,  IA"
ATNHPIUS08117A,Summit County, CO,74.4848484848485,"Summit County,  CO"
ATNHPIUS48167A,Galveston County, TX,80.21985969480001,"Galveston County,  TX"
ATNHPIUS26125A,Oakland County, MI,84.59721857780109,"Oakland County,  MI"
ATNHPIUS17097A,Lake County, IL,14.995087969991955,"Lake County,  IL"
ATNHPIUS37055A,Dare County, NC,41.89117802430005,"Dare County,  NC"
ATNHPIUS17143A,Peoria County, IL,3.3598659405111064,"Peoria County,  IL"
ATNHPIUS24017A,Charles County, MD,27.835251519462055,"Charles County,  MD"
ATNHPIUS08005A,Arapahoe County, CO,117.18381418980222,"Arapahoe County,  CO"
ATNHPIUS48121A,Denton County, TX,91.36971509261565,"Denton County,  TX"
ATNHPIUS27019A,Carver County, MN,41.34873505246887,"Carver County,  MN"
ATNHPIUS22071A,Orleans Parish, LA,56.10750310902306,"Orleans Parish,  LA"
ATNHPIUS08031A,Denver County, CO,106.68972565049921,"Denver County,  CO"
ATNHPIUS56001A,Albany County, WY,37.95928818333121,"Albany County,  WY"
ATNHPIUS55021A,Columbia County, WI,33.04506505871151,"Columbia County,  WI"
ATNHPIUS37129A,New Hanover County, NC,46.118430372574004,"New Hanover County,  NC"
ATNHPIUS21049A,Clark County, KY,34.71795700662679,"Clark County,  KY"
ATNHPIUS26163A,Wayne County, MI,79.31805477920625,"Wayne County,  MI"
ATNHPIUS16055A,Kootenai County, ID,119.79780396357793,"Kootenai County,  ID"
ATNHPIUS12001A,Alachua County, FL,47.380424866414685,"Alachua County,  FL"
ATNHPIUS32003A,Clark County, NV,136.04603370324705,"Clark County,  NV"
ATNHPIUS06029A,Kern County, CA,85.6757162141893,"Kern County,  CA"
ATNHPIUS18089A,Lake County, IN,38.70533837746953,"Lake County,  IN"
ATNHPIUS48029A,Bexar County, TX,72.02772720907437,"Bexar County,  TX"
ATNHPIUS34017A,Hudson County, NJ,56.17112045979734,"Hudson County,  NJ"
ATNHPIUS47037A,Davidson County, TN,98.03921568627449,"Davidson County,  TN"
ATNHPIUS51087A,Henrico County, VA,40.609068956265084,"Henrico County,  VA"
ATNHPIUS12021A,Collier County, FL,112.02350698856416,"Collier County,  FL"
ATNHPIUS24005A,Baltimore County, MD,21.883337375697312,"Baltimore County,  MD"
ATNHPIUS05007A,Benton County, AR,65.27559705809438,"Benton County,  AR"
ATNHPIUS30049A,Lewis and Clark County, MT,54.94498663517125,"Lewis and Clark County,  MT"
ATNHPIUS22125A,West Feliciana Parish, LA,33.48003571884169,"West Feliciana Parish,  LA"
ATNHPIUS08041A,El Paso County, CO,85.11184157780805,"El Paso County,  CO"
ATNHPIUS16001A,Ada County, ID,150.0596801145858,"Ada County,  ID"
ATNHPIUS32031A,Washoe County, NV,134.67865168539325,"Washoe County,  NV"
ATNHPIUS48157A,Fort Bend County, TX,65.06597954243774,"Fort Bend County,  TX"
ATNHPIUS36029A,Erie County, NY,57.69884055830441,"Erie County,  NY"
ATNHPIUS55083A,Oconto County, WI,33.947075447460826,"Oconto County,  WI"
ATNHPIUS45045A,Greenville County, SC,59.87198424421467,"Greenville County,  SC"
ATNHPIUS08059A,Jefferson County, CO,108.65712338104976,"Jefferson County,  CO"
ATNHPIUS39089A,Licking County, OH,56.014063656550704,"Licking County,  OH"
ATNHPIUS49051A,Wasatch County, UT,102.4693431883084,"Wasatch County,  UT"
ATNHPIUS13057A,Cherokee County, GA,78.79442195231667,"Cherokee County,  GA"
ATNHPIUS49053A,Washington County, UT,102.46623605402235,"Washington County,  UT"
ATNHPIUS48041A,Brazos County, TX,58.30002103934356,"Brazos County,  TX"
ATNHPIUS06045A,Mendocino County, CA,57.03460987098094,"Mendocino County,  CA"
ATNHPIUS34013A,Essex County, NJ,32.85015290519878,"Essex County,  NJ"
ATNHPIUS36047A,Kings County, NY,61.05905884829984,"Kings County,  NY"
ATNHPIUS55009A,Brown County, WI,39.331210191082796,"Brown County,  WI"
ATNHPIUS24021A,Frederick County, MD,33.65006553079947,"Frederick County,  MD"
ATNHPIUS25001A,Barnstable County, MA,47.9278932512189,"Barnstable County,  MA"
ATNHPIUS47187A,Williamson County, TN,82.96943231441047,"Williamson County,  TN"
ATNHPIUS36039A,Greene County, NY,32.38899167437557,"Greene County,  NY"
ATNHPIUS25009A,Essex County, MA,55.417624521072796,"Essex County,  MA"
ATNHPIUS36111A,Ulster County, NY,38.71064288279659,"Ulster County,  NY"
ATNHPIUS51760A,Richmond city, VA,57.66574585635359,"Richmond city,  VA"
ATNHPIUS09009A,New Haven County, CT,14.30861444103708,"New Haven County,  CT"
ATNHPIUS27053A,Hennepin County, MN,48.38356164383562,"Hennepin County,  MN"
ATNHPIUS06107A,Tulare County, CA,81.2386156648452,"Tulare County,  CA"
ATNHPIUS09003A,Hartford County, CT,11.861755084625237,"Hartford County,  CT"
ATNHPIUS45051A,Horry County, SC,36.675896131108274,"Horry County,  SC"
ATNHPIUS06095A,Solano County, CA,121.7263274132695,"Solano County,  CA"
ATNHPIUS49043A,Summit County, UT,90.98404255319149,"Summit County,  UT"
ATNHPIUS06023A,Humboldt County, CA,47.243351285325616,"Humboldt County,  CA"
ATNHPIUS21145A,McCracken County, KY,24.013709063214012,"McCracken County,  KY"
ATNHPIUS49005A,Cache County, UT,78.70049980776623,"Cache County,  UT"
ATNHPIUS25005A,Bristol County, MA,45.47473625763463,"Bristol County,  MA"
ATNHPIUS01113A,Russell County, AL,17.1275506184511,"Russell County,  AL"
ATNHPIUS37021A,Buncombe County, NC,62.79981396584946,"Buncombe County,  NC"
ATNHPIUS19193A,Woodbury County, IA,50.128954607977995,"Woodbury County,  IA"
ATNHPIUS40143A,Tulsa County, OK,38.39929498477809,"Tulsa County,  OK"
ATNHPIUS06019A,Fresno County, CA,80.21263202070364,"Fresno County,  CA"
ATNHPIUS34023A,Middlesex County, NJ,27.209919190672988,"Middlesex County,  NJ"
ATNHPIUS08001A,Adams County, CO,136.92719698472527,"Adams County,  CO"
ATNHPIUS37019A,Brunswick County, NC,42.755943055650164,"Brunswick County,  NC"
ATNHPIUS36001A,Albany County, NY,21.36044628396616,"Albany County,  NY"
ATNHPIUS26161A,Washtenaw County, MI,67.48613075165886,"Washtenaw County,  MI"
ATNHPIUS36091A,Saratoga County, NY,27.499567798075258,"Saratoga County,  NY"
ATNHPIUS49057A,Weber County, UT,100.32934372238734,"Weber County,  UT"
ATNHPIUS41017A,Deschutes County, OR,157.42334363773082,"Deschutes County,  OR"
ATNHPIUS36027A,Dutchess County, NY,25.58724277112421,"Dutchess County,  NY"
ATNHPIUS30013A,Cascade County, MT,45.379089070237846,"Cascade County,  MT"
ATNHPIUS53073A,Whatcom County, WA,78.05401019935094,"Whatcom County,  WA"
ATNHPIUS12033A,Escambia County, FL,69.90071143772965,"Escambia County,  FL"
ATNHPIUS08077A,Mesa County, CO,52.687819588304706,"Mesa County,  CO"
ATNHPIUS48245A,Jefferson County, TX,36.17925843323111,"Jefferson County,  TX"
ATNHPIUS25025A,Suffolk County, MA,81.1433387176066,"Suffolk County,  MA"
ATNHPIUS26077A,Kalamazoo County, MI,53.77990430622008,"Kalamazoo County,  MI"
ATNHPIUS26055A,Grand Traverse County, MI,71.92331478045763,"Grand Traverse County,  MI"
ATNHPIUS08014A,Broomfield County, CO,102.30986944216195,"Broomfield County,  CO"
ATNHPIUS12105A,Polk County, FL,93.79020090526481,"Polk County,  FL"
ATNHPIUS29107A,Lafayette County, MO,48.197777966245454,"Lafayette County,  MO"
ATNHPIUS48309A,McLennan County, TX,73.19130371555296,"McLennan County,  TX"
ATNHPIUS37081A,Guilford County, NC,36.76156583629893,"Guilford County,  NC"
ATNHPIUS12081A,Manatee County, FL,102.61475409836065,"Manatee County,  FL"
ATNHPIUS12127A,Volusia County, FL,105.6854870462241,"Volusia County,  FL"
ATNHPIUS24027A,Howard County, MD,21.86540866204388,"Howard County,  MD"
ATNHPIUS34027A,Morris County, NJ,18.38368885001009,"Morris County,  NJ"
ATNHPIUS21207A,Russell County, KY,28.711790393013093,"Russell County,  KY"
ATNHPIUS06077A,San Joaquin County, CA,139.37456289339593,"San Joaquin County,  CA"
ATNHPIUS39061A,Hamilton County, OH,41.13724430026134,"Hamilton County,  OH"
ATNHPIUS15003A,Honolulu County, HI,47.59352723867008,"Honolulu County,  HI"
ATNHPIUS02090A,Fairbanks North Star Borough, AK,26.580788143223234,"Fairbanks North Star Borough,  AK"
ATNHPIUS26081A,Kent County, MI,89.14575990047689,"Kent County,  MI"
ATNHPIUS41051A,Multnomah County, OR,80.26377451964917,"Multnomah County,  OR"
ATNHPIUS08069A,Larimer County, CO,93.59391965255156,"Larimer County,  CO"
ATNHPIUS48303A,Lubbock County, TX,45.398634965874145,"Lubbock County,  TX"
ATNHPIUS36005A,Bronx County, NY,44.98166055351784,"Bronx County,  NY"
ATNHPIUS12101A,Pasco County, FL,101.44881889763779,"Pasco County,  FL"
ATNHPIUS48491A,Williamson County, TX,118.59470797031304,"Williamson County,  TX"
ATNHPIUS44005A,Newport County, RI,48.347031963470315,"Newport County,  RI"
ATNHPIUS22063A,Livingston Parish, LA,26.265710431016103,"Livingston Parish,  LA"
ATNHPIUS46099A,Minnehaha County, SD,55.600507694748536,"Minnehaha County,  SD"
ATNHPIUS34029A,Ocean County, NJ,33.816789464523985,"Ocean County,  NJ"
ATNHPIUS40017A,Canadian County, OK,43.09208089488109,"Canadian County,  OK"
ATNHPIUS30031A,Gallatin County, MT,107.55529457819533,"Gallatin County,  MT"
ATNHPIUS34025A,Monmouth County, NJ,34.24102691924229,"Monmouth County,  NJ"
ATNHPIUS35028A,Los Alamos County, NM,48.77104528675611,"Los Alamos County,  NM"
ATNHPIUS08035A,Douglas County, CO,88.79542395693136,"Douglas County,  CO"
ATNHPIUS39153A,Summit County, OH,35.91479195699781,"Summit County,  OH"
ATNHPIUS36105A,Sullivan County, NY,29.276018099547528,"Sullivan County,  NY"
ATNHPIUS26099A,Macomb County, MI,82.3727898501822,"Macomb County,  MI"
ATNHPIUS34035A,Somerset County, NJ,19.39580270017376,"Somerset County,  NJ"
ATNHPIUS18097A,Marion County, IN,58.57999250655676,"Marion County,  IN"
ATNHPIUS49011A,Davis County, UT,88.84147305199936,"Davis County,  UT"
ATNHPIUS48355A,Nueces County, TX,54.76312513729225,"Nueces County,  TX"
ATNHPIUS06017A,El Dorado County, CA,82.33126007832297,"El Dorado County,  CA"
ATNHPIUS53011A,Clark County, WA,96.00840336134453,"Clark County,  WA"
ATNHPIUS48439A,Tarrant County, TX,89.14905768132498,"Tarrant County,  TX"
ATNHPIUS12095A,Orange County, FL,92.37037628824797,"Orange County,  FL"
ATNHPIUS11001A,District of Columbia,,70.20255351828743,
ATNHPIUS16083A,Twin Falls County, ID,85.356142161923,"Twin Falls County,  ID"
ATNHPIUS17113A,McLean County, IL,12.43445692883895,"McLean County,  IL"
ATNHPIUS17111A,McHenry County, IL,22.922450490468268,"McHenry County,  IL"
ATNHPIUS13089A,DeKalb County, GA,59.115715474979204,"DeKalb County,  GA"
ATNHPIUS34039A,Union County, NJ,28.656473242260926,"Union County,  NJ"
ATNHPIUS48409A,San Patricio County, TX,56.3681241184767,"San Patricio County,  TX"
ATNHPIUS51710A,Norfolk city, VA,20.383182543906322,"Norfolk city,  VA"
ATNHPIUS21001A,Adair County, KY,40.710811821922924,"Adair County,  KY"
ATNHPIUS18133A,Putnam County, IN,46.58186144412922,"Putnam County,  IN"
ATNHPIUS48007A,Aransas County, TX,63.57207072220559,"Aransas County,  TX"
ATNHPIUS06033A,Lake County, CA,67.21022814270403,"Lake County,  CA"
ATNHPIUS55101A,Racine County, WI,33.27638109185583,"Racine County,  WI"
ATNHPIUS51041A,Chesterfield County, VA,37.250083028894046,"Chesterfield County,  VA"
ATNHPIUS39103A,Medina County, OH,41.25704293763357,"Medina County,  OH"
ATNHPIUS51003A,Albemarle County, VA,28.02238805970149,"Albemarle County,  VA"
ATNHPIUS39049A,Franklin County, OH,64.31505626004643,"Franklin County,  OH"
ATNHPIUS09013A,Tolland County, CT,11.252217098261806,"Tolland County,  CT"
ATNHPIUS24003A,Anne Arundel County, MD,26.82926829268292,"Anne Arundel County,  MD"
ATNHPIUS25021A,Norfolk County, MA,51.13200723327306,"Norfolk County,  MA"
ATNHPIUS17197A,Will County, IL,23.82519193453135,"Will County,  IL"
ATNHPIUS48209A,Hays County, TX,98.28785446762974,"Hays County,  TX"
ATNHPIUS06079A,San Luis Obispo County, CA,68.85256749602964,"San Luis Obispo County,  CA"
ATNHPIUS12009A,Brevard County, FL,110.55308328035598,"Brevard County,  FL"
ATNHPIUS51540A,Charlottesville city, VA,44.417300538559765,"Charlottesville city,  VA"
ATNHPIUS22001A,Acadia Parish, LA,21.681052198931365,"Acadia Parish,  LA"
ATNHPIUS10003A,New Castle County, DE,22.70892996615466,"New Castle County,  DE"
ATNHPIUS47189A,Wilson County, TN,73.38639076800636,"Wilson County,  TN"
ATNHPIUS21093A,Hardin County, KY,32.945175755822376,"Hardin County,  KY"
ATNHPIUS15001A,Hawaii County, HI,56.131409272336505,"Hawaii County,  HI"
ATNHPIUS34001A,Atlantic County, NJ,15.026190766232176,"Atlantic County,  NJ"
ATNHPIUS13031A,Bulloch County, GA,20.469067127715547,"Bulloch County,  GA"
ATNHPIUS47157A,Shelby County, TN,50.14100394811055,"Shelby County,  TN"
ATNHPIUS45001A,Abbeville County, SC,30.791810928797226,"Abbeville County,  SC"
ATNHPIUS24033A,Prince George's County, MD,55.85275423728815,"Prince George's County,  MD"
ATNHPIUS06093A,Siskiyou County, CA,42.37600315747927,"Siskiyou County,  CA"
ATNHPIUS42007A,Beaver County, PA,42.86408947240457,"Beaver County,  PA"
ATNHPIUS30081A,Ravalli County, MT,64.01807068828062,"Ravalli County,  MT"
ATNHPIUS48215A,Hidalgo County, TX,39.757172685793826,"Hidalgo County,  TX"
ATNHPIUS47155A,Sevier County, TN,73.18756235450616,"Sevier County,  TN"
ATNHPIUS53067A,Thurston County, WA,67.85939669317177,"Thurston County,  WA"
ATNHPIUS51810A,Virginia Beach city, VA,26.26311541565779,"Virginia Beach city,  VA"
ATNHPIUS19091A,Humboldt County, IA,43.974193548387106,"Humboldt County,  IA"
ATNHPIUS47093A,Knox County, TN,56.897054534849815,"Knox County,  TN"
ATNHPIUS08123A,Weld County, CO,114.32525291086084,"Weld County,  CO"
ATNHPIUS26097A,Mackinac County, MI,20.228342339201667,"Mackinac County,  MI"
ATNHPIUS12111A,St. Lucie County, FL,158.30598103574033,"St. Lucie County,  FL"
ATNHPIUS26139A,Ottawa County, MI,77.58757173956066,"Ottawa County,  MI"
ATNHPIUS51187A,Warren County, VA,48.1084018202812,"Warren County,  VA"
ATNHPIUS06113A,Yolo County, CA,77.91236935003806,"Yolo County,  CA"
ATNHPIUS41039A,Lane County, OR,72.54061527825787,"Lane County,  OR"
ATNHPIUS21015A,Boone County, KY,38.683759140561534,"Boone County,  KY"
ATNHPIUS01089A,Madison County, AL,37.77810960131402,"Madison County,  AL"
ATNHPIUS16027A,Canyon County, ID,193.10743165190607,"Canyon County,  ID"
ATNHPIUS16065A,Madison County, ID,71.28644939965695,"Madison County,  ID"
ATNHPIUS06087A,Santa Cruz County, CA,70.7246828053242,"Santa Cruz County,  CA"
ATNHPIUS18141A,St. Joseph County, IN,46.75876726886291,"St. Joseph County,  IN"
ATNHPIUS22103A,St. Tammany Parish, LA,27.43200282585657,"St. Tammany Parish,  LA"
ATNHPIUS39151A,Stark County, OH,39.33606639336065,"Stark County,  OH"
ATNHPIUS40131A,Rogers County, OK,36.184315604536025,"Rogers County,  OK"
ATNHPIUS46083A,Lincoln County, SD,49.656370961371344,"Lincoln County,  SD"
ATNHPIUS18003A,Allen County, IN,58.8829195998518,"Allen County,  IN"
ATNHPIUS26025A,Calhoun County, MI,45.39526484751203,"Calhoun County,  MI"
ATNHPIUS56021A,Laramie County, WY,62.24016145307768,"Laramie County,  WY"
ATNHPIUS42129A,Westmoreland County, PA,31.111645813281996,"Westmoreland County,  PA"
ATNHPIUS51660A,Harrisonburg city, VA,30.18708037285705,"Harrisonburg city,  VA"
ATNHPIUS31153A,Sarpy County, NE,47.95145463935271,"Sarpy County,  NE"
ATNHPIUS21193A,Perry County, KY,14.996568291008913,"Perry County,  KY"
ATNHPIUS21035A,Calloway County, KY,31.477118583565368,"Calloway County,  KY"
ATNHPIUS20173A,Sedgwick County, KS,38.44549610972968,"Sedgwick County,  KS"
ATNHPIUS51153A,Prince William County, VA,62.74175973849086,"Prince William County,  VA"
ATNHPIUS13059A,Clarke County, GA,58.19946179564545,"Clarke County,  GA"
ATNHPIUS13117A,Forsyth County, GA,68.04013853121391,"Forsyth County,  GA"
ATNHPIUS48027A,Bell County, TX,52.692159134801095,"Bell County,  TX"
ATNHPIUS33009A,Grafton County, NH,38.724659511705255,"Grafton County,  NH"
ATNHPIUS29183A,St. Charles County, MO,44.08930669800235,"St. Charles County,  MO"
ATNHPIUS13127A,Glynn County, GA,30.66141042487955,"Glynn County,  GA"
ATNHPIUS27007A,Beltrami County, MN,32.098265505837894,"Beltrami County,  MN"
ATNHPIUS35055A,Taos County, NM,23.141427665421748,"Taos County,  NM"
ATNHPIUS50019A,Orleans County, VT,17.623539701380654,"Orleans County,  VT"
ATNHPIUS08007A,Archuleta County, CO,68.51133188450792,"Archuleta County,  CO"
ATNHPIUS51067A,Franklin County, VA,20.066889632107017,"Franklin County,  VA"
ATNHPIUS26133A,Osceola County, MI,43.684947958366685,"Osceola County,  MI"
ATNHPIUS31109A,Lancaster County, NE,56.853009160174636,"Lancaster County,  NE"
ATNHPIUS22051A,Jefferson Parish, LA,36.07713663990394,"Jefferson Parish,  LA"
ATNHPIUS01073A,Jefferson County, AL,37.297996121525514,"Jefferson County,  AL"
ATNHPIUS53057A,Skagit County, WA,76.09372883651632,"Skagit County,  WA"
ATNHPIUS55089A,Ozaukee County, WI,32.65256503768539,"Ozaukee County,  WI"
ATNHPIUS21117A,Kenton County, KY,42.03436663500562,"Kenton County,  KY"
ATNHPIUS47065A,Hamilton County, TN,55.879480051093246,"Hamilton County,  TN"
ATNHPIUS36067A,Onondaga County, NY,34.47207156441501,"Onondaga County,  NY"
ATNHPIUS21111A,Jefferson County, KY,44.54294079375406,"Jefferson County,  KY"
ATNHPIUS05029A,Conway County, AR,21.510187774670385,"Conway County,  AR"
ATNHPIUS45079A,Richland County, SC,28.141066838046264,"Richland County,  SC"
ATNHPIUS10005A,Sussex County, DE,25.185185185185183,"Sussex County,  DE"
ATNHPIUS55117A,Sheboygan County, WI,33.435192258721656,"Sheboygan County,  WI"
ATNHPIUS47011A,Bradley County, TN,45.94343996291146,"Bradley County,  TN"
ATNHPIUS08045A,Garfield County, CO,43.2844087510385,"Garfield County,  CO"
ATNHPIUS18177A,Wayne County, IN,25.298804780876484,"Wayne County,  IN"
ATNHPIUS34021A,Mercer County, NJ,15.493503975179365,"Mercer County,  NJ"
ATNHPIUS31055A,Douglas County, NE,55.05407476794686,"Douglas County,  NE"
ATNHPIUS12017A,Citrus County, FL,77.26751738366318,"Citrus County,  FL"
ATNHPIUS17089A,Kane County, IL,24.216750507457416,"Kane County,  IL"
ATNHPIUS40027A,Cleveland County, OK,37.86999632757988,"Cleveland County,  OK"
ATNHPIUS25027A,Worcester County, MA,44.391785150078974,"Worcester County,  MA"
ATNHPIUS45013A,Beaufort County, SC,41.909675489756225,"Beaufort County,  SC"
ATNHPIUS08037A,Eagle County, CO,47.854430833154225,"Eagle County,  CO"
ATNHPIUS12061A,Indian River County, FL,100.21115893770813,"Indian River County,  FL"
ATNHPIUS12069A,Lake County, FL,83.08989232952175,"Lake County,  FL"
ATNHPIUS06089A,Shasta County, CA,66.82021406313507,"Shasta County,  CA"
ATNHPIUS21141A,Logan County, KY,36.52975553543503,"Logan County,  KY"
ATNHPIUS26087A,Lapeer County, MI,68.87316826680143,"Lapeer County,  MI"
ATNHPIUS01101A,Montgomery County, AL,6.4510549982704894,"Montgomery County,  AL"
ATNHPIUS21185A,Oldham County, KY,38.80244399185336,"Oldham County,  KY"
ATNHPIUS46103A,Pennington County, SD,57.666110647762025,"Pennington County,  SD"
ATNHPIUS37105A,Lee County, NC,34.22980849292257,"Lee County,  NC"
ATNHPIUS32007A,Elko County, NV,29.70670561032006,"Elko County,  NV"
ATNHPIUS51047A,Culpeper County, VA,50.731174972717376,"Culpeper County,  VA"
ATNHPIUS17085A,Jo Daviess County, IL,10.928143712574842,"Jo Daviess County,  IL"
ATNHPIUS26093A,Livingston County, MI,76.92975924547034,"Livingston County,  MI"
ATNHPIUS56005A,Campbell County, WY,8.439082683662443,"Campbell County,  WY"
ATNHPIUS36063A,Niagara County, NY,58.228924980665106,"Niagara County,  NY"
ATNHPIUS37031A,Carteret County, NC,29.583333333333332,"Carteret County,  NC"
ATNHPIUS06055A,Napa County, CA,89.03153153153154,"Napa County,  CA"
ATNHPIUS04021A,Pinal County, AZ,128.1444214264575,"Pinal County,  AZ"
ATNHPIUS42011A,Berks County, PA,26.556045648673233,"Berks County,  PA"
ATNHPIUS42001A,Adams County, PA,18.068515062649972,"Adams County,  PA"
ATNHPIUS22005A,Ascension Parish, LA,28.42686952777378,"Ascension Parish,  LA"
ATNHPIUS06069A,San Benito County, CA,121.90528634361235,"San Benito County,  CA"
ATNHPIUS09011A,New London County, CT,16.766589453604023,"New London County,  CT"
ATNHPIUS42019A,Butler County, PA,37.58099352051838,"Butler County,  PA"
ATNHPIUS36069A,Ontario County, NY,35.6672967863894,"Ontario County,  NY"
ATNHPIUS06025A,Imperial County, CA,104.4409124906507,"Imperial County,  CA"
ATNHPIUS16019A,Bonneville County, ID,92.65285276521233,"Bonneville County,  ID"
ATNHPIUS45083A,Spartanburg County, SC,47.40484429065745,"Spartanburg County,  SC"
ATNHPIUS01097A,Mobile County, AL,27.149423555120183,"Mobile County,  AL"
ATNHPIUS02020A,Anchorage Borough/Municipality, AK,22.934455802766077,"Anchorage Borough/Municipality,  AK"
ATNHPIUS46065A,Hughes County, SD,40.958788898233806,"Hughes County,  SD"
ATNHPIUS13063A,Clayton County, GA,95.37841581664779,"Clayton County,  GA"
ATNHPIUS18157A,Tippecanoe County, IN,50.80993002971341,"Tippecanoe County,  IN"
ATNHPIUS19163A,Scott County, IA,30.412818691293708,"Scott County,  IA"
ATNHPIUS48039A,Brazoria County, TX,68.17148679363586,"Brazoria County,  TX"
ATNHPIUS53029A,Island County, WA,63.39982099475772,"Island County,  WA"
ATNHPIUS13285A,Troup County, GA,28.786994581075437,"Troup County,  GA"
ATNHPIUS34031A,Passaic County, NJ,22.704081632653068,"Passaic County,  NJ"
ATNHPIUS26101A,Manistee County, MI,49.23809523809524,"Manistee County,  MI"
ATNHPIUS12131A,Walton County, FL,83.92663730233228,"Walton County,  FL"
ATNHPIUS36109A,Tompkins County, NY,38.75316964561816,"Tompkins County,  NY"
ATNHPIUS21081A,Grant County, KY,38.595113438045395,"Grant County,  KY"
ATNHPIUS37067A,Forsyth County, NC,36.78111587982832,"Forsyth County,  NC"
ATNHPIUS08049A,Grand County, CO,69.02837216674591,"Grand County,  CO"
ATNHPIUS19153A,Polk County, IA,39.642361394627265,"Polk County,  IA"
ATNHPIUS51700A,Newport News city, VA,12.665416850463165,"Newport News city,  VA"
ATNHPIUS06047A,Merced County, CA,155.5639097744361,"Merced County,  CA"
ATNHPIUS12055A,Highlands County, FL,74.10798633820215,"Highlands County,  FL"
ATNHPIUS05119A,Pulaski County, AR,22.64692551744978,"Pulaski County,  AR"
ATNHPIUS06063A,Plumas County, CA,42.9225352112676,"Plumas County,  CA"
ATNHPIUS51610A,Falls Church city, VA,44.10493827160493,"Falls Church city,  VA"
ATNHPIUS39099A,Mahoning County, OH,33.60086130958207,"Mahoning County,  OH"
ATNHPIUS54037A,Jefferson County, WV,44.98858357609637,"Jefferson County,  WV"
ATNHPIUS48329A,Midland County, TX,74.99342347556166,"Midland County,  TX"
ATNHPIUS34019A,Hunterdon County, NJ,14.130434782608695,"Hunterdon County,  NJ"
ATNHPIUS37133A,Onslow County, NC,18.062428625808906,"Onslow County,  NC"
ATNHPIUS25013A,Hampden County, MA,31.740089578180353,"Hampden County,  MA"
ATNHPIUS36025A,Delaware County, NY,27.872244132669564,"Delaware County,  NY"
ATNHPIUS45091A,York County, SC,57.23825226710634,"York County,  SC"
ATNHPIUS53009A,Clallam County, WA,65.89521871820956,"Clallam County,  WA"
ATNHPIUS12117A,Seminole County, FL,87.12848651120257,"Seminole County,  FL"
ATNHPIUS21061A,Edmonson County, KY,46.52119177507344,"Edmonson County,  KY"
ATNHPIUS39045A,Fairfield County, OH,52.07062303568125,"Fairfield County,  OH"
ATNHPIUS45015A,Berkeley County, SC,62.90237862984917,"Berkeley County,  SC"
ATNHPIUS55111A,Sauk County, WI,35.54104477611943,"Sauk County,  WI"
ATNHPIUS49045A,Tooele County, UT,94.72192989557192,"Tooele County,  UT"
ATNHPIUS35053A,Socorro County, NM,10.5245550649003,"Socorro County,  NM"
ATNHPIUS02110A,Juneau City and Borough, AK,42.19208723612469,"Juneau City and Borough,  AK"
ATNHPIUS12053A,Hernando County, FL,107.70270270270268,"Hernando County,  FL"
ATNHPIUS55069A,Lincoln County, WI,21.66321886636327,"Lincoln County,  WI"
ATNHPIUS06057A,Nevada County, CA,68.10171587571496,"Nevada County,  CA"
ATNHPIUS12035A,Flagler County, FL,91.76470588235293,"Flagler County,  FL"
ATNHPIUS21211A,Shelby County, KY,43.71837749764171,"Shelby County,  KY"
ATNHPIUS48465A,Val Verde County, TX,32.48438250840944,"Val Verde County,  TX"
ATNHPIUS13139A,Hall County, GA,62.46840014445646,"Hall County,  GA"
ATNHPIUS30047A,Lake County, MT,37.60905446828579,"Lake County,  MT"
ATNHPIUS30111A,Yellowstone County, MT,50.327662255828606,"Yellowstone County,  MT"
ATNHPIUS37113A,Macon County, NC,25.073345259391765,"Macon County,  NC"
ATNHPIUS13255A,Spalding County, GA,48.82271468144045,"Spalding County,  GA"
ATNHPIUS21059A,Daviess County, KY,46.49502931430028,"Daviess County,  KY"
ATNHPIUS01003A,Baldwin County, AL,57.66476221131408,"Baldwin County,  AL"
ATNHPIUS09005A,Litchfield County, CT,15.210799884493209,"Litchfield County,  CT"
ATNHPIUS47149A,Rutherford County, TN,84.15515579826534,"Rutherford County,  TN"
ATNHPIUS18005A,Bartholomew County, IN,45.636953551912555,"Bartholomew County,  IN"
ATNHPIUS47099A,Lawrence County, TN,64.20170651087709,"Lawrence County,  TN"
ATNHPIUS51035A,Carroll County, VA,14.356435643564353,"Carroll County,  VA"
ATNHPIUS55105A,Rock County, WI,49.124687388353,"Rock County,  WI"
ATNHPIUS42049A,Erie County, PA,30.41955258339304,"Erie County,  PA"
ATNHPIUS42009A,Bedford County, PA,20.80885366853396,"Bedford County,  PA"
ATNHPIUS20113A,McPherson County, KS,30.89874503078963,"McPherson County,  KS"
ATNHPIUS38035A,Grand Forks County, ND,46.522556390977435,"Grand Forks County,  ND"
ATNHPIUS13077A,Coweta County, GA,63.874780681503374,"Coweta County,  GA"
ATNHPIUS06005A,Amador County, CA,70.489443378119,"Amador County,  CA"
ATNHPIUS33011A,Hillsborough County, NH,50.545244457283175,"Hillsborough County,  NH"
ATNHPIUS06007A,Butte County, CA,69.59203980099502,"Butte County,  CA"
ATNHPIUS35001A,Bernalillo County, NM,32.8745962645696,"Bernalillo County,  NM"
ATNHPIUS01125A,Tuscaloosa County, AL,27.895019568720734,"Tuscaloosa County,  AL"
ATNHPIUS01001A,Autauga County, AL,15.915140128385783,"Autauga County,  AL"
ATNHPIUS45059A,Laurens County, SC,34.56109579888082,"Laurens County,  SC"
ATNHPIUS21029A,Bullitt County, KY,43.86247877758914,"Bullitt County,  KY"
ATNHPIUS51197A,Wythe County, VA,16.874603510255866,"Wythe County,  VA"
ATNHPIUS37085A,Harnett County, NC,36.42562505261385,"Harnett County,  NC"
ATNHPIUS12097A,Osceola County, FL,129.61708533258064,"Osceola County,  FL"
ATNHPIUS16013A,Blaine County, ID,68.82077608334592,"Blaine County,  ID"
ATNHPIUS18095A,Madison County, IN,48.87709269089426,"Madison County,  IN"
ATNHPIUS21021A,Boyle County, KY,34.328949453335454,"Boyle County,  KY"
ATNHPIUS12083A,Marion County, FL,64.87516527961422,"Marion County,  FL"
ATNHPIUS16009A,Benewah County, ID,60.73429569573528,"Benewah County,  ID"
ATNHPIUS13177A,Lee County, GA,18.089760207388213,"Lee County,  GA"
ATNHPIUS17193A,White County, IL,20.68220404383391,"White County,  IL"
ATNHPIUS45011A,Barnwell County, SC,16.732952491141813,"Barnwell County,  SC"
ATNHPIUS12051A,Hendry County, FL,89.94153037878145,"Hendry County,  FL"
ATNHPIUS24013A,Carroll County, MD,25.2586959232016,"Carroll County,  MD"
ATNHPIUS37151A,Randolph County, NC,34.55535390199637,"Randolph County,  NC"
ATNHPIUS01045A,Dale County, AL,7.746115897209344,"Dale County,  AL"
ATNHPIUS13247A,Rockdale County, GA,76.54690618762474,"Rockdale County,  GA"
ATNHPIUS13067A,Cobb County, GA,76.23753561253561,"Cobb County,  GA"
ATNHPIUS37099A,Jackson County, NC,21.707451196040704,"Jackson County,  NC"
ATNHPIUS13151A,Henry County, GA,70.20272444492116,"Henry County,  GA"
ATNHPIUS21107A,Hopkins County, KY,31.17134559535335,"Hopkins County,  KY"
ATNHPIUS12085A,Martin County, FL,104.26121853338195,"Martin County,  FL"
ATNHPIUS21227A,Warren County, KY,41.478154348713765,"Warren County,  KY"
ATNHPIUS21157A,Marshall County, KY,30.324038012151433,"Marshall County,  KY"
ATNHPIUS25003A,Berkshire County, MA,24.19988408783567,"Berkshire County,  MA"
ATNHPIUS24025A,Harford County, MD,22.671888598781546,"Harford County,  MD"
ATNHPIUS06099A,Stanislaus County, CA,139.78777349985916,"Stanislaus County,  CA"
ATNHPIUS51061A,Fauquier County, VA,51.148004238784864,"Fauquier County,  VA"
ATNHPIUS21009A,Barren County, KY,35.44374451798104,"Barren County,  KY"
ATNHPIUS21103A,Henry County, KY,39.25552804576113,"Henry County,  KY"
ATNHPIUS21223A,Trimble County, KY,33.484944964977714,"Trimble County,  KY"
ATNHPIUS51600A,Fairfax city, VA,44.57560427206295,"Fairfax city,  VA"
ATNHPIUS21047A,Christian County, KY,32.18400263331139,"Christian County,  KY"
ATNHPIUS16029A,Caribou County, ID,69.73233629184429,"Caribou County,  ID"
ATNHPIUS49025A,Kane County, UT,56.2235000290411,"Kane County,  UT"
ATNHPIUS21233A,Webster County, KY,47.4123909507615,"Webster County,  KY"
ATNHPIUS42089A,Monroe County, PA,19.366570692529177,"Monroe County,  PA"
ATNHPIUS13105A,Elbert County, GA,21.176782401272195,"Elbert County,  GA"
ATNHPIUS19167A,Sioux County, IA,48.01422643746294,"Sioux County,  IA"
ATNHPIUS21019A,Boyd County, KY,13.73597409443483,"Boyd County,  KY"
ATNHPIUS01029A,Cleburne County, AL,23.933338476969354,"Cleburne County,  AL"
ATNHPIUS06043A,Mariposa County, CA,59.92442459635864,"Mariposa County,  CA"
ATNHPIUS21221A,Trigg County, KY,23.96658813450417,"Trigg County,  KY"
ATNHPIUS37087A,Haywood County, NC,41.61549021024492,"Haywood County,  NC"
ATNHPIUS34037A,Sussex County, NJ,16.734279918864097,"Sussex County,  NJ"
ATNHPIUS51179A,Stafford County, VA,51.052738474036964,"Stafford County,  VA"
ATNHPIUS21083A,Graves County, KY,25.160935782697454,"Graves County,  KY"
ATNHPIUS37147A,Pitt County, NC,24.85316328242994,"Pitt County,  NC"
ATNHPIUS17201A,Winnebago County, IL,14.740441950192903,"Winnebago County,  IL"
ATNHPIUS26005A,Allegan County, MI,70.27404085700051,"Allegan County,  MI"
ATNHPIUS19103A,Johnson County, IA,29.062380405663983,"Johnson County,  IA"
ATNHPIUS01005A,Barbour County, AL,7.643261964735511,"Barbour County,  AL"
ATNHPIUS21179A,Nelson County, KY,44.159777359417205,"Nelson County,  KY"
ATNHPIUS29510A,St. Louis city, MO,34.98072687224669,"St. Louis city,  MO"
ATNHPIUS36089A,St. Lawrence County, NY,26.597542242703554,"St. Lawrence County,  NY"
ATNHPIUS12119A,Sumter County, FL,44.03757246642694,"Sumter County,  FL"
ATNHPIUS21151A,Madison County, KY,36.42953875567593,"Madison County,  KY"
ATNHPIUS27061A,Itasca County, MN,20.81249155062863,"Itasca County,  MN"
ATNHPIUS37089A,Henderson County, NC,47.7215463249586,"Henderson County,  NC"
ATNHPIUS21215A,Spencer County, KY,47.93918918918918,"Spencer County,  KY"
ATNHPIUS08097A,Pitkin County, CO,38.62314156431804,"Pitkin County,  CO"
ATNHPIUS36031A,Essex County, NY,25.989570988385886,"Essex County,  NY"
ATNHPIUS06009A,Calaveras County, CA,81.35939800425321,"Calaveras County,  CA"
ATNHPIUS51195A,Wise County, VA,12.431896978702323,"Wise County,  VA"
ATNHPIUS37189A,Watauga County, NC,26.988419665765196,"Watauga County,  NC"
ATNHPIUS42021A,Cambria County, PA,10.186122576123365,"Cambria County,  PA"
ATNHPIUS02170A,Matanuska-Susitna Borough, AK,31.92615813305467,"Matanuska-Susitna Borough,  AK"
ATNHPIUS53005A,Benton County, WA,81.98049619962711,"Benton County,  WA"
ATNHPIUS21197A,Powell County, KY,39.04884112599246,"Powell County,  KY"
ATNHPIUS21209A,Scott County, KY,34.87806854087335,"Scott County,  KY"
ATNHPIUS51157A,Rappahannock County, VA,31.82037954792699,"Rappahannock County,  VA"
ATNHPIUS21149A,McLean County, KY,40.3969370214096,"McLean County,  KY"
ATNHPIUS54039A,Kanawha County, WV,15.567325995199857,"Kanawha County,  WV"
ATNHPIUS21113A,Jessamine County, KY,36.80345924777679,"Jessamine County,  KY"
ATNHPIUS27003A,Anoka County, MN,58.41015828839796,"Anoka County,  MN"
ATNHPIUS46035A,Davison County, SD,46.30822780122936,"Davison County,  SD"
ATNHPIUS27123A,Ramsey County, MN,47.211836767162524,"Ramsey County,  MN"
ATNHPIUS21097A,Harrison County, KY,29.58071970947508,"Harrison County,  KY"
ATNHPIUS21231A,Wayne County, KY,26.39329406434075,"Wayne County,  KY"
ATNHPIUS21171A,Monroe County, KY,37.18123087385243,"Monroe County,  KY"
ATNHPIUS21167A,Mercer County, KY,36.360741861020465,"Mercer County,  KY"
ATNHPIUS21239A,Woodford County, KY,39.38725490196079,"Woodford County,  KY"
ATNHPIUS06039A,Madera County, CA,99.8879013531908,"Madera County,  CA"
ATNHPIUS21225A,Union County, KY,37.199400772687845,"Union County,  KY"
ATNHPIUS21199A,Pulaski County, KY,31.49782923299566,"Pulaski County,  KY"
ATNHPIUS45039A,Fairfield County, SC,16.561549306225416,"Fairfield County,  SC"
ATNHPIUS21087A,Green County, KY,35.77981651376149,"Green County,  KY"
ATNHPIUS21123A,Larue County, KY,46.17389970863365,"Larue County,  KY"
ATNHPIUS21017A,Bourbon County, KY,29.43881527669523,"Bourbon County,  KY"
ATNHPIUS21101A,Henderson County, KY,37.474154329666696,"Henderson County,  KY"
ATNHPIUS21205A,Rowan County, KY,23.724231159175396,"Rowan County,  KY"
ATNHPIUS21037A,Campbell County, KY,45.16516036151324,"Campbell County,  KY"
ATNHPIUS21089A,Greenup County, KY,15.561039338075192,"Greenup County,  KY"
ATNHPIUS21003A,Allen County, KY,48.610548489022115,"Allen County,  KY"
ATNHPIUS45047A,Greenwood County, SC,28.479465449804426,"Greenwood County,  SC"
ATNHPIUS46027A,Clay County, SD,48.49255629535425,"Clay County,  SD"
ATNHPIUS37009A,Ashe County, NC,20.68144722524483,"Ashe County,  NC"
ATNHPIUS21011A,Bath County, KY,18.94488188976378,"Bath County,  KY"
ATNHPIUS21099A,Hart County, KY,39.674937185929636,"Hart County,  KY"
ATNHPIUS21143A,Lyon County, KY,35.82230623818526,"Lyon County,  KY"
ATNHPIUS21183A,Ohio County, KY,44.315866677532405,"Ohio County,  KY"
ATNHPIUS21187A,Owen County, KY,31.574318381706252,"Owen County,  KY"
ATNHPIUS21195A,Pike County, KY,15.453062435117879,"Pike County,  KY"
ATNHPIUS21045A,Casey County, KY,28.95937927886809,"Casey County,  KY"
ATNHPIUS21071A,Floyd County, KY,13.919209624731085,"Floyd County,  KY"
ATNHPIUS21161A,Mason County, KY,22.02162916448631,"Mason County,  KY"
ATNHPIUS21163A,Meade County, KY,41.480943738656975,"Meade County,  KY"
ATNHPIUS38089A,Stark County, ND,51.161091687105376,"Stark County,  ND"
ATNHPIUS21031A,Butler County, KY,23.54448067070332,"Butler County,  KY"
ATNHPIUS21043A,Carter County, KY,16.524701873935264,"Carter County,  KY"
ATNHPIUS21065A,Estill County, KY,46.75303511773813,"Estill County,  KY"
ATNHPIUS21125A,Laurel County, KY,32.30696724530673,"Laurel County,  KY"
ATNHPIUS21155A,Marion County, KY,37.29906095814102,"Marion County,  KY"
ATNHPIUS21217A,Taylor County, KY,43.02418708954029,"Taylor County,  KY"
ATNHPIUS21007A,Ballard County, KY,21.711196427172304,"Ballard County,  KY"
ATNHPIUS21041A,Carroll County, KY,27.920726122075113,"Carroll County,  KY"
ATNHPIUS21079A,Garrard County, KY,35.03367003367003,"Garrard County,  KY"
ATNHPIUS21085A,Grayson County, KY,36.83668620307303,"Grayson County,  KY"
ATNHPIUS21091A,Hancock County, KY,54.96715927750411,"Hancock County,  KY"
ATNHPIUS21115A,Johnson County, KY,15.707129094412329,"Johnson County,  KY"
ATNHPIUS21137A,Lincoln County, KY,41.13480578827112,"Lincoln County,  KY"
ATNHPIUS21213A,Simpson County, KY,44.42724458204334,"Simpson County,  KY"
ATNHPIUS21235A,Whitley County, KY,27.15590398448235,"Whitley County,  KY"
ATNHPIUS21005A,Anderson County, KY,37.04628704628705,"Anderson County,  KY"
ATNHPIUS21033A,Caldwell County, KY,32.624001265722654,"Caldwell County,  KY"
ATNHPIUS21073A,Franklin County, KY,29.658751376002513,"Franklin County,  KY"
ATNHPIUS21169A,Metcalfe County, KY,26.41363284275755,"Metcalfe County,  KY"
ATNHPIUS21181A,Nicholas County, KY,37.05361138458784,"Nicholas County,  KY"
ATNHPIUS21191A,Pendleton County, KY,30.5957300275482,"Pendleton County,  KY"
ATNHPIUS21055A,Crittenden County, KY,24.40516148280749,"Crittenden County,  KY"
ATNHPIUS21139A,Livingston County, KY,24.924298499428023,"Livingston County,  KY"
ATNHPIUS21173A,Montgomery County, KY,29.41033925686592,"Montgomery County,  KY"
ATNHPIUS21177A,Muhlenberg County, KY,22.731938412949066,"Muhlenberg County,  KY"
ATNHPIUS21229A,Washington County, KY,36.68973196532252,"Washington County,  KY"
ATNHPIUS44007A,Providence County, RI,45.620022753128545,"Providence County,  RI"
ATNHPIUS19165A,Shelby County, IA,33.506669681211854,"Shelby County,  IA"
ATNHPIUS24015A,Cecil County, MD,19.51626355296079,"Cecil County,  MD"
ATNHPIUS26109A,Menominee County, MI,27.40143221664335,"Menominee County,  MI"
ATNHPIUS55133A,Waukesha County, WI,32.7830373210234,"Waukesha County,  WI"
ATNHPIUS51830A,Williamsburg city, VA,21.184886280264127,"Williamsburg city,  VA"
ATNHPIUS17161A,Rock Island County, IL,16.32229756681293,"Rock Island County,  IL"
ATNHPIUS55001A,Adams County, WI,23.485892507434535,"Adams County,  WI"
ATNHPIUS27137A,St. Louis County, MN,32.109899328859065,"St. Louis County,  MN"
ATNHPIUS40121A,Pittsburg County, OK,17.10357331721688,"Pittsburg County,  OK"
ATNHPIUS06031A,Kings County, CA,63.791318749568696,"Kings County,  CA"
ATNHPIUS54061A,Monongalia County, WV,30.93817443189032,"Monongalia County,  WV"
ATNHPIUS37101A,Johnston County, NC,52.52052617639269,"Johnston County,  NC"
ATNHPIUS12087A,Monroe County, FL,89.2155570204351,"Monroe County,  FL"
ATNHPIUS13083A,Dade County, GA,35.07306889352817,"Dade County,  GA"
ATNHPIUS25023A,Plymouth County, MA,49.63685559669611,"Plymouth County,  MA"
ATNHPIUS05045A,Faulkner County, AR,29.934511117879993,"Faulkner County,  AR"
ATNHPIUS18011A,Boone County, IN,49.965677020765405,"Boone County,  IN"
ATNHPIUS13015A,Bartow County, GA,70.21782554931988,"Bartow County,  GA"
ATNHPIUS22033A,East Baton Rouge Parish, LA,25.775234866143965,"East Baton Rouge Parish,  LA"
ATNHPIUS48339A,Montgomery County, TX,66.39118457300275,"Montgomery County,  TX"
ATNHPIUS35061A,Valencia County, NM,28.11211871393239,"Valencia County,  NM"
ATNHPIUS53055A,San Juan County, WA,41.45094486150659,"San Juan County,  WA"
ATNHPIUS51149A,Prince George County, VA,22.721506309674833,"Prince George County,  VA"
ATNHPIUS16079A,Shoshone County, ID,82.43764760094464,"Shoshone County,  ID"
ATNHPIUS49021A,Iron County, UT,90.34166082963652,"Iron County,  UT"
ATNHPIUS20161A,Riley County, KS,19.79504132231405,"Riley County,  KS"
ATNHPIUS35045A,San Juan County, NM,7.661085743277514,"San Juan County,  NM"
ATNHPIUS13231A,Pike County, GA,49.117205108940645,"Pike County,  GA"
ATNHPIUS37071A,Gaston County, NC,64.43570726476634,"Gaston County,  NC"
ATNHPIUS37083A,Halifax County, NC,14.886881321905646,"Halifax County,  NC"
ATNHPIUS01081A,Lee County, AL,30.70693309112927,"Lee County,  AL"
ATNHPIUS26065A,Ingham County, MI,51.546723952739,"Ingham County,  MI"
ATNHPIUS13297A,Walton County, GA,72.27389669503265,"Walton County,  GA"
ATNHPIUS19061A,Dubuque County, IA,32.36046336693246,"Dubuque County,  IA"
ATNHPIUS06109A,Tuolumne County, CA,54.79635773275925,"Tuolumne County,  CA"
ATNHPIUS48091A,Comal County, TX,74.10480039707863,"Comal County,  TX"
ATNHPIUS13199A,Meriwether County, GA,25.743322694439787,"Meriwether County,  GA"
ATNHPIUS18039A,Elkhart County, IN,51.74225663716815,"Elkhart County,  IN"
ATNHPIUS24037A,St. Mary's County, MD,17.21850236501014,"St. Mary's County,  MD"
ATNHPIUS12091A,Okaloosa County, FL,67.06257635401113,"Okaloosa County,  FL"
ATNHPIUS13215A,Muscogee County, GA,13.85528242274793,"Muscogee County,  GA"
ATNHPIUS33015A,Rockingham County, NH,55.84106943928704,"Rockingham County,  NH"
ATNHPIUS42027A,Centre County, PA,37.68905021173623,"Centre County,  PA"
ATNHPIUS08067A,La Plata County, CO,45.17090494007229,"La Plata County,  CO"
ATNHPIUS18149A,Starke County, IN,37.56048723510762,"Starke County,  IN"
ATNHPIUS13051A,Chatham County, GA,43.2118294360385,"Chatham County,  GA"
ATNHPIUS39017A,Butler County, OH,42.24090153334565,"Butler County,  OH"
ATNHPIUS36021A,Columbia County, NY,36.365302382406846,"Columbia County,  NY"
ATNHPIUS22003A,Allen Parish, LA,36.286399451867084,"Allen Parish,  LA"
ATNHPIUS22017A,Caddo Parish, LA,14.730405780989454,"Caddo Parish,  LA"
ATNHPIUS47147A,Robertson County, TN,72.00457068233759,"Robertson County,  TN"
ATNHPIUS39009A,Athens County, OH,26.211489088575096,"Athens County,  OH"
ATNHPIUS08107A,Routt County, CO,55.459374385205585,"Routt County,  CO"
ATNHPIUS12073A,Leon County, FL,37.20413687790657,"Leon County,  FL"
ATNHPIUS13217A,Newton County, GA,74.83749213671629,"Newton County,  GA"
ATNHPIUS20149A,Pottawatomie County, KS,32.324503311258276,"Pottawatomie County,  KS"
ATNHPIUS24041A,Talbot County, MD,17.435131603509415,"Talbot County,  MD"
ATNHPIUS01123A,Tallapoosa County, AL,33.95113732097727,"Tallapoosa County,  AL"
ATNHPIUS51065A,Fluvanna County, VA,14.65942120561103,"Fluvanna County,  VA"
ATNHPIUS39117A,Morrow County, OH,53.307671649807546,"Morrow County,  OH"
ATNHPIUS24043A,Washington County, MD,29.20660085032788,"Washington County,  MD"
ATNHPIUS31141A,Platte County, NE,53.812519177661834,"Platte County,  NE"
ATNHPIUS13275A,Thomas County, GA,19.724014829053953,"Thomas County,  GA"
ATNHPIUS51177A,Spotsylvania County, VA,51.33829744415376,"Spotsylvania County,  VA"
ATNHPIUS19057A,Des Moines County, IA,22.769816946906314,"Des Moines County,  IA"
ATNHPIUS39041A,Delaware County, OH,49.01065449010655,"Delaware County,  OH"
ATNHPIUS54081A,Raleigh County, WV,17.66598420590816,"Raleigh County,  WV"
ATNHPIUS37005A,Alleghany County, NC,20.65102793885082,"Alleghany County,  NC"
ATNHPIUS16017A,Bonner County, ID,89.96399639964,"Bonner County,  ID"
ATNHPIUS39165A,Warren County, OH,45.18000184145107,"Warren County,  OH"
ATNHPIUS22077A,Pointe Coupee Parish, LA,24.763896384241754,"Pointe Coupee Parish,  LA"
ATNHPIUS12113A,Santa Rosa County, FL,66.80710201625038,"Santa Rosa County,  FL"
ATNHPIUS17119A,Madison County, IL,18.20498957287402,"Madison County,  IL"
ATNHPIUS22075A,Plaquemines Parish, LA,19.28641663154938,"Plaquemines Parish,  LA"
ATNHPIUS01117A,Shelby County, AL,37.270806928601615,"Shelby County,  AL"
ATNHPIUS18067A,Howard County, IN,45.69060773480662,"Howard County,  IN"
ATNHPIUS22019A,Calcasieu Parish, LA,35.074309978768575,"Calcasieu Parish,  LA"
ATNHPIUS09007A,Middlesex County, CT,12.114734882438112,"Middlesex County,  CT"
ATNHPIUS22073A,Ouachita Parish, LA,23.79156926325313,"Ouachita Parish,  LA"
ATNHPIUS39093A,Lorain County, OH,36.75062447960032,"Lorain County,  OH"
ATNHPIUS29113A,Lincoln County, MO,43.479726881901726,"Lincoln County,  MO"
ATNHPIUS13185A,Lowndes County, GA,10.878724044538075,"Lowndes County,  GA"
ATNHPIUS32019A,Lyon County, NV,153.87415496619863,"Lyon County,  NV"
ATNHPIUS48241A,Jasper County, TX,30.764454792394268,"Jasper County,  TX"
ATNHPIUS37179A,Union County, NC,62.30290633256628,"Union County,  NC"
ATNHPIUS50025A,Windham County, VT,18.29881753446137,"Windham County,  VT"
ATNHPIUS53015A,Cowlitz County, WA,86.7891177374731,"Cowlitz County,  WA"
ATNHPIUS48021A,Bastrop County, TX,102.44988864142539,"Bastrop County,  TX"
ATNHPIUS42133A,York County, PA,22.197103496997517,"York County,  PA"
ATNHPIUS35049A,Santa Fe County, NM,40.981999019401826,"Santa Fe County,  NM"
ATNHPIUS53075A,Whitman County, WA,57.957487396103005,"Whitman County,  WA"
ATNHPIUS50007A,Chittenden County, VT,39.104902021388384,"Chittenden County,  VT"
ATNHPIUS53045A,Mason County, WA,70.88468735884365,"Mason County,  WA"
ATNHPIUS51680A,Lynchburg city, VA,27.604493754797293,"Lynchburg city,  VA"
ATNHPIUS12005A,Bay County, FL,58.09332594849073,"Bay County,  FL"
ATNHPIUS48147A,Fannin County, TX,84.63611859838275,"Fannin County,  TX"
ATNHPIUS27005A,Becker County, MN,37.7703206562267,"Becker County,  MN"
ATNHPIUS51155A,Pulaski County, VA,23.299775476207735,"Pulaski County,  VA"
ATNHPIUS29131A,Miller County, MO,39.53362674696936,"Miller County,  MO"
ATNHPIUS22037A,East Feliciana Parish, LA,34.56244205120888,"East Feliciana Parish,  LA"
ATNHPIUS48061A,Cameron County, TX,32.21763835915001,"Cameron County,  TX"
ATNHPIUS28089A,Madison County, MS,21.26322488266646,"Madison County,  MS"
ATNHPIUS08083A,Montezuma County, CO,37.11542362566774,"Montezuma County,  CO"
ATNHPIUS39077A,Huron County, OH,30.605564648117827,"Huron County,  OH"
ATNHPIUS26131A,Ontonagon County, MI,,"Ontonagon County,  MI"
ATNHPIUS27043A,Faribault County, MN,34.07835258663987,"Faribault County,  MN"
ATNHPIUS05125A,Saline County, AR,24.951012410189406,"Saline County,  AR"
ATNHPIUS22023A,Cameron Parish, LA,39.26925162689803,"Cameron Parish,  LA"
ATNHPIUS54079A,Putnam County, WV,23.94209354120267,"Putnam County,  WV"
ATNHPIUS08051A,Gunnison County, CO,56.21578843236827,"Gunnison County,  CO"
ATNHPIUS36115A,Washington County, NY,18.842054843731287,"Washington County,  NY"
ATNHPIUS51630A,Fredericksburg city, VA,47.204394333622446,"Fredericksburg city,  VA"
ATNHPIUS12089A,Nassau County, FL,77.13235294117649,"Nassau County,  FL"
ATNHPIUS27063A,Jackson County, MN,35.48840477863668,"Jackson County,  MN"
ATNHPIUS16005A,Bannock County, ID,76.65554688054512,"Bannock County,  ID"
ATNHPIUS27059A,Isanti County, MN,62.7664358305603,"Isanti County,  MN"
ATNHPIUS55113A,Sawyer County, WI,26.34615384615383,"Sawyer County,  WI"
ATNHPIUS40109A,Oklahoma County, OK,47.84520034592103,"Oklahoma County,  OK"
ATNHPIUS55059A,Kenosha County, WI,34.28929765886289,"Kenosha County,  WI"
ATNHPIUS30041A,Hill County, MT,48.536678069175196,"Hill County,  MT"
ATNHPIUS13219A,Oconee County, GA,52.52621544327932,"Oconee County,  GA"
ATNHPIUS46029A,Codington County, SD,43.585812835342495,"Codington County,  SD"
ATNHPIUS45003A,Aiken County, SC,27.468632593747788,"Aiken County,  SC"
ATNHPIUS25007A,Dukes County, MA,58.69902217982352,"Dukes County,  MA"
ATNHPIUS30043A,Jefferson County, MT,54.08588632303316,"Jefferson County,  MT"
ATNHPIUS55027A,Dodge County, WI,29.236718224613327,"Dodge County,  WI"
ATNHPIUS55141A,Wood County, WI,26.452331688683756,"Wood County,  WI"
ATNHPIUS18057A,Hamilton County, IN,52.65213994270337,"Hamilton County,  IN"
ATNHPIUS49007A,Carbon County, UT,47.14541921984756,"Carbon County,  UT"
ATNHPIUS46093A,Meade County, SD,57.57616337462338,"Meade County,  SD"
ATNHPIUS19093A,Ida County, IA,32.760736196319016,"Ida County,  IA"
ATNHPIUS35057A,Torrance County, NM,17.091974404440666,"Torrance County,  NM"
ATNHPIUS39025A,Clermont County, OH,46.11497157296272,"Clermont County,  OH"
ATNHPIUS48449A,Titus County, TX,41.49688440803751,"Titus County,  TX"
ATNHPIUS39139A,Richland County, OH,45.14297512129657,"Richland County,  OH"
ATNHPIUS41027A,Hood River County, OR,74.3254245173296,"Hood River County,  OR"
ATNHPIUS22043A,Grant Parish, LA,24.97432888367316,"Grant Parish,  LA"
ATNHPIUS22047A,Iberville Parish, LA,17.61962838080207,"Iberville Parish,  LA"
ATNHPIUS42071A,Lancaster County, PA,33.954966155546344,"Lancaster County,  PA"
ATNHPIUS04005A,Coconino County, AZ,70.70033984140737,"Coconino County,  AZ"
ATNHPIUS31033A,Cheyenne County, NE,23.44604316546763,"Cheyenne County,  NE"
ATNHPIUS46011A,Brookings County, SD,37.68640818065616,"Brookings County,  SD"
ATNHPIUS18037A,Dubois County, IN,38.78677985658946,"Dubois County,  IN"
ATNHPIUS50005A,Caledonia County, VT,20.451155853840437,"Caledonia County,  VT"
ATNHPIUS34007A,Camden County, NJ,22.84302070950384,"Camden County,  NJ"
ATNHPIUS04003A,Cochise County, AZ,24.212072649572665,"Cochise County,  AZ"
ATNHPIUS36071A,Orange County, NY,25.684798130598463,"Orange County,  NY"
ATNHPIUS26047A,Emmet County, MI,53.524392506028576,"Emmet County,  MI"
ATNHPIUS51095A,James City County, VA,17.83110571081409,"James City County,  VA"
ATNHPIUS24001A,Allegany County, MD,7.743109373947038,"Allegany County,  MD"
ATNHPIUS36011A,Cayuga County, NY,35.478911837444,"Cayuga County,  NY"
ATNHPIUS13085A,Dawson County, GA,60.60767590618337,"Dawson County,  GA"
ATNHPIUS06051A,Mono County, CA,49.75046787273861,"Mono County,  CA"
ATNHPIUS47045A,Dyer County, TN,36.92562559944197,"Dyer County,  TN"
ATNHPIUS12019A,Clay County, FL,62.53004807692308,"Clay County,  FL"
ATNHPIUS12063A,Jackson County, FL,21.67535853976532,"Jackson County,  FL"
ATNHPIUS22121A,West Baton Rouge Parish, LA,18.70288721376759,"West Baton Rouge Parish,  LA"
ATNHPIUS27115A,Pine County, MN,41.176470588235304,"Pine County,  MN"
ATNHPIUS42085A,Mercer County, PA,32.3600762432854,"Mercer County,  PA"
ATNHPIUS36077A,Otsego County, NY,15.432098765432098,"Otsego County,  NY"
ATNHPIUS16081A,Teton County, ID,86.42802934480139,"Teton County,  ID"
ATNHPIUS29019A,Boone County, MO,38.64325122387131,"Boone County,  MO"
ATNHPIUS53031A,Jefferson County, WA,66.39150943396224,"Jefferson County,  WA"
ATNHPIUS24023A,Garrett County, MD,19.6208413357289,"Garrett County,  MD"
ATNHPIUS28163A,Yazoo County, MS,21.632174931667304,"Yazoo County,  MS"
ATNHPIUS27111A,Otter Tail County, MN,33.282026166655,"Otter Tail County,  MN"
ATNHPIUS30093A,Silver Bow County, MT,58.67655670505564,"Silver Bow County,  MT"
ATNHPIUS34015A,Gloucester County, NJ,18.242112041210547,"Gloucester County,  NJ"
ATNHPIUS13147A,Hart County, GA,41.20692444588254,"Hart County,  GA"
ATNHPIUS23005A,Cumberland County, ME,55.34830859740606,"Cumberland County,  ME"
ATNHPIUS22095A,St. John the Baptist Parish, LA,16.742564394478443,"St. John the Baptist Parish,  LA"
ATNHPIUS47029A,Cocke County, TN,43.08901851382195,"Cocke County,  TN"
ATNHPIUS22087A,St. Bernard Parish, LA,54.284027660651034,"St. Bernard Parish,  LA"
ATNHPIUS46135A,Yankton County, SD,50.43011543268878,"Yankton County,  SD"
ATNHPIUS08085A,Montrose County, CO,52.58300041328007,"Montrose County,  CO"
ATNHPIUS39095A,Lucas County, OH,33.18114249309832,"Lucas County,  OH"
ATNHPIUS53077A,Yakima County, WA,60.80676545427332,"Yakima County,  WA"
ATNHPIUS20045A,Douglas County, KS,38.61517976031957,"Douglas County,  KS"
ATNHPIUS42075A,Lebanon County, PA,26.551094890510964,"Lebanon County,  PA"
ATNHPIUS26075A,Jackson County, MI,53.865336658354124,"Jackson County,  MI"
ATNHPIUS47165A,Sumner County, TN,78.12475105552457,"Sumner County,  TN"
ATNHPIUS34041A,Warren County, NJ,16.682266541867676,"Warren County,  NJ"
ATNHPIUS55013A,Burnett County, WI,31.694952611858042,"Burnett County,  WI"
ATNHPIUS29029A,Camden County, MO,43.58862144420133,"Camden County,  MO"
ATNHPIUS51083A,Halifax County, VA,16.836772156546008,"Halifax County,  VA"
ATNHPIUS04023A,Santa Cruz County, AZ,45.27863777089784,"Santa Cruz County,  AZ"
ATNHPIUS39155A,Trumbull County, OH,30.57101628530201,"Trumbull County,  OH"
ATNHPIUS47003A,Bedford County, TN,79.45427842621936,"Bedford County,  TN"
ATNHPIUS23009A,Hancock County, ME,29.699201964395332,"Hancock County,  ME"
ATNHPIUS33019A,Sullivan County, NH,31.085649887302786,"Sullivan County,  NH"
ATNHPIUS48381A,Randall County, TX,37.683573050719154,"Randall County,  TX"
ATNHPIUS26043A,Dickinson County, MI,27.964992638638954,"Dickinson County,  MI"
ATNHPIUS28035A,Forrest County, MS,27.54268745360061,"Forrest County,  MS"
ATNHPIUS18163A,Vanderburgh County, IN,39.69831410825199,"Vanderburgh County,  IN"
ATNHPIUS20177A,Shawnee County, KS,33.069354451643854,"Shawnee County,  KS"
ATNHPIUS54045A,Logan County, WV,4.892806454022546,"Logan County,  WV"
ATNHPIUS56037A,Sweetwater County, WY,21.91034771679932,"Sweetwater County,  WY"
ATNHPIUS26159A,Van Buren County, MI,49.023823858260954,"Van Buren County,  MI"
ATNHPIUS36085A,Richmond County, NY,45.87231057062676,"Richmond County,  NY"
ATNHPIUS23017A,Oxford County, ME,35.36826326906043,"Oxford County,  ME"
ATNHPIUS36121A,Wyoming County, NY,44.106136505948655,"Wyoming County,  NY"
ATNHPIUS41067A,Washington County, OR,82.26554573126542,"Washington County,  OR"
ATNHPIUS55097A,Portage County, WI,37.14781785178756,"Portage County,  WI"
ATNHPIUS12129A,Wakulla County, FL,42.70546898869541,"Wakulla County,  FL"
ATNHPIUS33017A,Strafford County, NH,51.707530647986,"Strafford County,  NH"
ATNHPIUS26089A,Leelanau County, MI,55.35624476110647,"Leelanau County,  MI"
ATNHPIUS19157A,Poweshiek County, IA,30.92345531788031,"Poweshiek County,  IA"
ATNHPIUS42051A,Fayette County, PA,30.91805482931201,"Fayette County,  PA"
ATNHPIUS55109A,St. Croix County, WI,54.34334763948498,"St. Croix County,  WI"
ATNHPIUS42043A,Dauphin County, PA,24.88655189800474,"Dauphin County,  PA"
ATNHPIUS51678A,Lexington city, VA,9.620578778135053,"Lexington city,  VA"
ATNHPIUS18019A,Clark County, IN,46.67941585535466,"Clark County,  IN"
ATNHPIUS55131A,Washington County, WI,30.86508507069256,"Washington County,  WI"
ATNHPIUS37025A,Cabarrus County, NC,56.232946793997264,"Cabarrus County,  NC"
ATNHPIUS26059A,Hillsdale County, MI,51.58582089552238,"Hillsdale County,  MI"
ATNHPIUS18061A,Harrison County, IN,43.3894331407519,"Harrison County,  IN"
ATNHPIUS19049A,Dallas County, IA,30.608251807741393,"Dallas County,  IA"
ATNHPIUS35013A,Dona Ana County, NM,19.68557294843126,"Dona Ana County,  NM"
ATNHPIUS17163A,St. Clair County, IL,14.314663208235388,"St. Clair County,  IL"
ATNHPIUS37157A,Rockingham County, NC,28.087942525750876,"Rockingham County,  NC"
ATNHPIUS23031A,York County, ME,49.02985074626864,"York County,  ME"
ATNHPIUS13223A,Paulding County, GA,87.44325216673545,"Paulding County,  GA"
ATNHPIUS16011A,Bingham County, ID,82.78330833219691,"Bingham County,  ID"
ATNHPIUS26049A,Genesee County, MI,72.59123129430294,"Genesee County,  MI"
ATNHPIUS17167A,Sangamon County, IL,17.082179132040622,"Sangamon County,  IL"
ATNHPIUS48251A,Johnson County, TX,82.71090494535733,"Johnson County,  TX"
ATNHPIUS13013A,Barrow County, GA,85.88421887390962,"Barrow County,  GA"
ATNHPIUS24009A,Calvert County, MD,20.74606518775562,"Calvert County,  MD"
ATNHPIUS22049A,Jackson Parish, LA,32.03973699256719,"Jackson Parish,  LA"
ATNHPIUS42087A,Mifflin County, PA,24.646670854271356,"Mifflin County,  PA"
ATNHPIUS29023A,Butler County, MO,23.07511184365435,"Butler County,  MO"
ATNHPIUS36113A,Warren County, NY,25.487282080594458,"Warren County,  NY"
ATNHPIUS37051A,Cumberland County, NC,16.359855195255317,"Cumberland County,  NC"
ATNHPIUS51650A,Hampton city, VA,11.643457117595045,"Hampton city,  VA"
ATNHPIUS08101A,Pueblo County, CO,82.69637196195842,"Pueblo County,  CO"
ATNHPIUS51199A,York County, VA,12.291156159500998,"York County,  VA"
ATNHPIUS22015A,Bossier Parish, LA,17.60399802914058,"Bossier Parish,  LA"
ATNHPIUS01111A,Randolph County, AL,20.173988065281474,"Randolph County,  AL"
ATNHPIUS01019A,Cherokee County, AL,24.223163841807917,"Cherokee County,  AL"
ATNHPIUS32023A,Nye County, NV,142.3923006416132,"Nye County,  NV"
ATNHPIUS51127A,New Kent County, VA,24.22242550967069,"New Kent County,  VA"
ATNHPIUS51161A,Roanoke County, VA,23.219990061759074,"Roanoke County,  VA"
ATNHPIUS19065A,Fayette County, IA,37.69390692467615,"Fayette County,  IA"
ATNHPIUS19077A,Guthrie County, IA,39.65379879771131,"Guthrie County,  IA"
ATNHPIUS37153A,Richmond County, NC,26.484848484848488,"Richmond County,  NC"
ATNHPIUS39157A,Tuscarawas County, OH,39.66428637670407,"Tuscarawas County,  OH"
ATNHPIUS29095A,Jackson County, MO,58.01838610827373,"Jackson County,  MO"
ATNHPIUS22101A,St. Mary Parish, LA,10.108986490896045,"St. Mary Parish,  LA"
ATNHPIUS37125A,Moore County, NC,29.191029531492852,"Moore County,  NC"
ATNHPIUS51173A,Smyth County, VA,14.375326711970725,"Smyth County,  VA"
ATNHPIUS24047A,Worcester County, MD,32.92788879235447,"Worcester County,  MD"
ATNHPIUS48141A,El Paso County, TX,26.98948204008733,"El Paso County,  TX"
ATNHPIUS53007A,Chelan County, WA,72.89236395737436,"Chelan County,  WA"
ATNHPIUS26115A,Monroe County, MI,50.82477794439959,"Monroe County,  MI"
ATNHPIUS51740A,Portsmouth city, VA,18.39856295247944,"Portsmouth city,  VA"
ATNHPIUS51069A,Frederick County, VA,49.20238182753805,"Frederick County,  VA"
ATNHPIUS17147A,Piatt County, IL,18.839660775144644,"Piatt County,  IL"
ATNHPIUS28059A,Jackson County, MS,25.247337814364478,"Jackson County,  MS"
ATNHPIUS41057A,Tillamook County, OR,55.26039616948708,"Tillamook County,  OR"
ATNHPIUS13107A,Emanuel County, GA,14.667080552537618,"Emanuel County,  GA"
ATNHPIUS41005A,Clackamas County, OR,81.51198705692015,"Clackamas County,  OR"
ATNHPIUS19113A,Linn County, IA,25.89963684384285,"Linn County,  IA"
ATNHPIUS48397A,Rockwall County, TX,82.93995140576189,"Rockwall County,  TX"
ATNHPIUS37093A,Hoke County, NC,23.880709134615376,"Hoke County,  NC"
ATNHPIUS22057A,Lafourche Parish, LA,15.213874328609325,"Lafourche Parish,  LA"
ATNHPIUS37037A,Chatham County, NC,40.54353854686634,"Chatham County,  NC"
ATNHPIUS51099A,King George County, VA,36.38394323631824,"King George County,  VA"
ATNHPIUS55029A,Door County, WI,25.82807885705164,"Door County,  WI"
ATNHPIUS27037A,Dakota County, MN,47.675684730714465,"Dakota County,  MN"
ATNHPIUS42119A,Union County, PA,31.467259498787392,"Union County,  PA"
ATNHPIUS55007A,Bayfield County, WI,21.71888856044932,"Bayfield County,  WI"
ATNHPIUS27147A,Steele County, MN,37.66080887917261,"Steele County,  MN"
ATNHPIUS55095A,Polk County, WI,45.70811887763575,"Polk County,  WI"
ATNHPIUS37135A,Orange County, NC,39.0901681855227,"Orange County,  NC"
ATNHPIUS22093A,St. James Parish, LA,25.802174489525314,"St. James Parish,  LA"
ATNHPIUS22117A,Washington Parish, LA,19.90524581159023,"Washington Parish,  LA"
ATNHPIUS51685A,Manassas Park city, VA,91.19586647630703,"Manassas Park city,  VA"
ATNHPIUS24029A,Kent County, MD,16.166875784190704,"Kent County,  MD"
ATNHPIUS17005A,Bond County, IL,18.307281738467395,"Bond County,  IL"
ATNHPIUS37011A,Avery County, NC,28.367716250452403,"Avery County,  NC"
ATNHPIUS55039A,Fond du Lac County, WI,23.212783851976447,"Fond du Lac County,  WI"
ATNHPIUS37161A,Rutherford County, NC,39.2228851154964,"Rutherford County,  NC"
ATNHPIUS13159A,Jasper County, GA,54.6347941567065,"Jasper County,  GA"
ATNHPIUS35047A,San Miguel County, NM,18.60283132958669,"San Miguel County,  NM"
ATNHPIUS26021A,Berrien County, MI,39.28242870285189,"Berrien County,  MI"
ATNHPIUS36003A,Allegany County, NY,36.18910487161027,"Allegany County,  NY"
ATNHPIUS18043A,Floyd County, IN,45.30880863989201,"Floyd County,  IN"
ATNHPIUS18105A,Monroe County, IN,51.55572461011793,"Monroe County,  IN"
ATNHPIUS13137A,Habersham County, GA,49.13491625253085,"Habersham County,  GA"
ATNHPIUS24011A,Caroline County, MD,21.908822564775342,"Caroline County,  MD"
ATNHPIUS29077A,Greene County, MO,46.79004258106779,"Greene County,  MO"
ATNHPIUS54097A,Upshur County, WV,11.173224396187202,"Upshur County,  WV"
ATNHPIUS13123A,Gilmer County, GA,62.13790931989923,"Gilmer County,  GA"
ATNHPIUS34005A,Burlington County, NJ,18.407485201451205,"Burlington County,  NJ"
ATNHPIUS47141A,Putnam County, TN,56.589023611997455,"Putnam County,  TN"
ATNHPIUS55035A,Eau Claire County, WI,49.0834386852086,"Eau Claire County,  WI"
ATNHPIUS29163A,Pike County, MO,38.29247675401521,"Pike County,  MO"
ATNHPIUS48117A,Deaf Smith County, TX,41.99735909375218,"Deaf Smith County,  TX"
ATNHPIUS55125A,Vilas County, WI,12.211174905475422,"Vilas County,  WI"
ATNHPIUS47031A,Coffee County, TN,66.67977660662315,"Coffee County,  TN"
ATNHPIUS36015A,Chemung County, NY,20.713907585268107,"Chemung County,  NY"
ATNHPIUS06115A,Yuba County, CA,125.63405072405791,"Yuba County,  CA"
ATNHPIUS55033A,Dunn County, WI,42.24075123451794,"Dunn County,  WI"
ATNHPIUS41071A,Yamhill County, OR,88.24015009380865,"Yamhill County,  OR"
ATNHPIUS13097A,Douglas County, GA,80.18857816350582,"Douglas County,  GA"
ATNHPIUS41029A,Jackson County, OR,76.66466255824439,"Jackson County,  OR"
ATNHPIUS37141A,Pender County, NC,36.18775347383818,"Pender County,  NC"
ATNHPIUS55139A,Winnebago County, WI,37.317419247141316,"Winnebago County,  WI"
ATNHPIUS48265A,Kerr County, TX,57.64839373094108,"Kerr County,  TX"
ATNHPIUS20061A,Geary County, KS,11.160462934000629,"Geary County,  KS"
ATNHPIUS40153A,Woodward County, OK,29.002305726927148,"Woodward County,  OK"
ATNHPIUS01083A,Limestone County, AL,35.62142485699427,"Limestone County,  AL"
ATNHPIUS54025A,Greenbrier County, WV,17.144525168655946,"Greenbrier County,  WV"
ATNHPIUS37137A,Pamlico County, NC,5.471662349150184,"Pamlico County,  NC"
ATNHPIUS36065A,Oneida County, NY,36.288933068257116,"Oneida County,  NY"
ATNHPIUS12003A,Baker County, FL,55.34421575585521,"Baker County,  FL"
ATNHPIUS42015A,Bradford County, PA,22.47004225254554,"Bradford County,  PA"
ATNHPIUS22079A,Rapides Parish, LA,21.132486388384763,"Rapides Parish,  LA"
ATNHPIUS37109A,Lincoln County, NC,48.05962893947986,"Lincoln County,  NC"
ATNHPIUS22111A,Union Parish, LA,27.109578436202415,"Union Parish,  LA"
ATNHPIUS22061A,Lincoln Parish, LA,30.047902453186243,"Lincoln Parish,  LA"
ATNHPIUS47005A,Benton County, TN,42.97077922077921,"Benton County,  TN"
ATNHPIUS50003A,Bennington County, VT,15.9186039023762,"Bennington County,  VT"
ATNHPIUS01055A,Etowah County, AL,24.220907297830365,"Etowah County,  AL"
ATNHPIUS36075A,Oswego County, NY,29.08725431804645,"Oswego County,  NY"
ATNHPIUS16045A,Gem County, ID,137.13682843694204,"Gem County,  ID"
ATNHPIUS27083A,Lyon County, MN,29.59523809523809,"Lyon County,  MN"
ATNHPIUS54083A,Randolph County, WV,24.957410562180577,"Randolph County,  WV"
ATNHPIUS04025A,Yavapai County, AZ,101.6844112505959,"Yavapai County,  AZ"
ATNHPIUS13313A,Whitfield County, GA,46.25791345069812,"Whitfield County,  GA"
ATNHPIUS51800A,Suffolk city, VA,19.98842257597685,"Suffolk city,  VA"
ATNHPIUS54051A,Marshall County, WV,31.006480830795667,"Marshall County,  WV"
ATNHPIUS37079A,Greene County, NC,27.526698653459214,"Greene County,  NC"
ATNHPIUS46019A,Butte County, SD,60.765910803589776,"Butte County,  SD"
ATNHPIUS55015A,Calumet County, WI,37.08791208791207,"Calumet County,  WI"
ATNHPIUS53051A,Pend Oreille County, WA,67.58075910346155,"Pend Oreille County,  WA"
ATNHPIUS45063A,Lexington County, SC,30.216346153846153,"Lexington County,  SC"
ATNHPIUS24039A,Somerset County, MD,8.029439066436822,"Somerset County,  MD"
ATNHPIUS02122A,Kenai Peninsula Borough, AK,30.296651976583572,"Kenai Peninsula Borough,  AK"
ATNHPIUS18127A,Porter County, IN,41.10990024310504,"Porter County,  IN"
ATNHPIUS24045A,Wicomico County, MD,18.16277090290055,"Wicomico County,  MD"
ATNHPIUS51550A,Chesapeake city, VA,24.489683327816405,"Chesapeake city,  VA"
ATNHPIUS42013A,Blair County, PA,24.816271991685827,"Blair County,  PA"
ATNHPIUS27025A,Chisago County, MN,58.07547844750493,"Chisago County,  MN"
ATNHPIUS18059A,Hancock County, IN,49.3274799178031,"Hancock County,  IN"
ATNHPIUS06015A,Del Norte County, CA,56.499624299173455,"Del Norte County,  CA"
ATNHPIUS22099A,St. Martin Parish, LA,23.377156943303216,"St. Martin Parish,  LA"
ATNHPIUS24019A,Dorchester County, MD,20.408304498269903,"Dorchester County,  MD"
ATNHPIUS53071A,Walla Walla County, WA,69.03641317810255,"Walla Walla County,  WA"
ATNHPIUS01033A,Colbert County, AL,27.94393986846226,"Colbert County,  AL"
ATNHPIUS32510A,Carson City, NV,104.4215817167989,"Carson City,  NV"
ATNHPIUS16057A,Latah County, ID,66.13457264093756,"Latah County,  ID"
ATNHPIUS45077A,Pickens County, SC,48.78949528108332,"Pickens County,  SC"
ATNHPIUS20055A,Finney County, KS,53.718504985917626,"Finney County,  KS"
ATNHPIUS47079A,Henry County, TN,31.927863855727708,"Henry County,  TN"
ATNHPIUS47131A,Obion County, TN,35.48196333530455,"Obion County,  TN"
ATNHPIUS25011A,Franklin County, MA,31.546118115461198,"Franklin County,  MA"
ATNHPIUS01077A,Lauderdale County, AL,32.28132754342431,"Lauderdale County,  AL"
ATNHPIUS40099A,Murray County, OK,38.23118804969985,"Murray County,  OK"
ATNHPIUS53043A,Lincoln County, WA,60.61866061866063,"Lincoln County,  WA"
ATNHPIUS22115A,Vernon Parish, LA,18.74130297280202,"Vernon Parish,  LA"
ATNHPIUS22109A,Terrebonne Parish, LA,15.007439032278924,"Terrebonne Parish,  LA"
ATNHPIUS55077A,Marquette County, WI,23.267028330319466,"Marquette County,  WI"
ATNHPIUS16085A,Valley County, ID,117.4267214370257,"Valley County,  ID"
ATNHPIUS48471A,Walker County, TX,61.876302988186225,"Walker County,  TX"
ATNHPIUS26145A,Saginaw County, MI,38.24014061298473,"Saginaw County,  MI"
ATNHPIUS45007A,Anderson County, SC,41.4727076948563,"Anderson County,  SC"
ATNHPIUS28049A,Hinds County, MS,14.716153658734674,"Hinds County,  MS"
ATNHPIUS16051A,Jefferson County, ID,91.24893192822556,"Jefferson County,  ID"
ATNHPIUS34009A,Cape May County, NJ,35.20433556378919,"Cape May County,  NJ"
ATNHPIUS42123A,Warren County, PA,33.61913357400721,"Warren County,  PA"
ATNHPIUS27071A,Koochiching County, MN,29.36914519906325,"Koochiching County,  MN"
ATNHPIUS50001A,Addison County, VT,25.98599557124902,"Addison County,  VT"
ATNHPIUS50027A,Windsor County, VT,20.143610599224747,"Windsor County,  VT"
ATNHPIUS22097A,St. Landry Parish, LA,15.265659360147557,"St. Landry Parish,  LA"
ATNHPIUS26015A,Barry County, MI,65.53761323355653,"Barry County,  MI"
ATNHPIUS08119A,Teller County, CO,83.2187857961054,"Teller County,  CO"
ATNHPIUS55115A,Shawano County, WI,29.59115281501341,"Shawano County,  WI"
ATNHPIUS26107A,Mecosta County, MI,51.024841787097365,"Mecosta County,  MI"
ATNHPIUS56033A,Sheridan County, WY,43.840920404889665,"Sheridan County,  WY"
ATNHPIUS37191A,Wayne County, NC,19.735162731333755,"Wayne County,  NC"
ATNHPIUS42115A,Susquehanna County, PA,,"Susquehanna County,  PA"
ATNHPIUS05017A,Chicot County, AR,28.627846399462236,"Chicot County,  AR"
ATNHPIUS45073A,Oconee County, SC,40.10218087540034,"Oconee County,  SC"
ATNHPIUS44009A,Washington County, RI,42.09175881238927,"Washington County,  RI"
ATNHPIUS55129A,Washburn County, WI,27.653795331082065,"Washburn County,  WI"
ATNHPIUS51770A,Roanoke city, VA,27.487271226090538,"Roanoke city,  VA"
ATNHPIUS55081A,Monroe County, WI,33.31886574074074,"Monroe County,  WI"
ATNHPIUS05143A,Washington County, AR,58.74219799320534,"Washington County,  AR"
ATNHPIUS13111A,Fannin County, GA,67.25305518798163,"Fannin County,  GA"
ATNHPIUS23023A,Sagadahoc County, ME,49.05790125154725,"Sagadahoc County,  ME"
ATNHPIUS24035A,Queen Anne's County, MD,20.911334497080606,"Queen Anne's County,  MD"
ATNHPIUS53025A,Grant County, WA,59.868376416310475,"Grant County,  WA"
ATNHPIUS46005A,Beadle County, SD,42.50511990486886,"Beadle County,  SD"
ATNHPIUS17019A,Champaign County, IL,17.497120921305175,"Champaign County,  IL"
ATNHPIUS42125A,Washington County, PA,33.23371647509579,"Washington County,  PA"
ATNHPIUS44003A,Kent County, RI,44.18391406864028,"Kent County,  RI"
ATNHPIUS32013A,Humboldt County, NV,51.65888577653283,"Humboldt County,  NV"
ATNHPIUS13069A,Coffee County, GA,27.01060917180013,"Coffee County,  GA"
ATNHPIUS54003A,Berkeley County, WV,42.26965939412965,"Berkeley County,  WV"
ATNHPIUS29051A,Cole County, MO,30.597318163348223,"Cole County,  MO"
ATNHPIUS51001A,Accomack County, VA,19.511769834350474,"Accomack County,  VA"
ATNHPIUS13045A,Carroll County, GA,68.83368911313798,"Carroll County,  GA"
ATNHPIUS42025A,Carbon County, PA,25.522398023900138,"Carbon County,  PA"
ATNHPIUS40119A,Payne County, OK,38.09595997877662,"Payne County,  OK"
ATNHPIUS55057A,Juneau County, WI,31.448489542989925,"Juneau County,  WI"
ATNHPIUS22127A,Winn Parish, LA,15.937674678591392,"Winn Parish,  LA"
ATNHPIUS22045A,Iberia Parish, LA,13.262523324242851,"Iberia Parish,  LA"
ATNHPIUS22083A,Richland Parish, LA,31.582770392968712,"Richland Parish,  LA"
ATNHPIUS22113A,Vermilion Parish, LA,14.39228031754722,"Vermilion Parish,  LA"
ATNHPIUS22007A,Assumption Parish, LA,19.120422801057014,"Assumption Parish,  LA"
ATNHPIUS22011A,Beauregard Parish, LA,25.54792711909164,"Beauregard Parish,  LA"
ATNHPIUS22039A,Evangeline Parish, LA,16.317991631799178,"Evangeline Parish,  LA"
ATNHPIUS22105A,Tangipahoa Parish, LA,16.40928002256541,"Tangipahoa Parish,  LA"
ATNHPIUS01031A,Coffee County, AL,11.553947996997206,"Coffee County,  AL"
ATNHPIUS13029A,Bryan County, GA,34.455104182281524,"Bryan County,  GA"
ATNHPIUS48139A,Ellis County, TX,86.76245536473387,"Ellis County,  TX"
ATNHPIUS22009A,Avoyelles Parish, LA,23.510269019380956,"Avoyelles Parish,  LA"
ATNHPIUS30057A,Madison County, MT,51.08618577966867,"Madison County,  MT"
ATNHPIUS08089A,Otero County, CO,74.1965105601469,"Otero County,  CO"
ATNHPIUS31013A,Box Butte County, NE,43.501529051987774,"Box Butte County,  NE"
ATNHPIUS55087A,Outagamie County, WI,40.85002934026323,"Outagamie County,  WI"
ATNHPIUS55121A,Trempealeau County, WI,38.177722541556605,"Trempealeau County,  WI"
ATNHPIUS26057A,Gratiot County, MI,50.174528772314765,"Gratiot County,  MI"
ATNHPIUS19179A,Wapello County, IA,24.845883730003905,"Wapello County,  IA"
ATNHPIUS33013A,Merrimack County, NH,45.60629052283074,"Merrimack County,  NH"
ATNHPIUS16031A,Cassia County, ID,82.09779179810728,"Cassia County,  ID"
ATNHPIUS26033A,Chippewa County, MI,23.37217272104181,"Chippewa County,  MI"
ATNHPIUS45041A,Florence County, SC,19.347635377621824,"Florence County,  SC"
ATNHPIUS08099A,Prowers County, CO,59.696312364425175,"Prowers County,  CO"
ATNHPIUS36079A,Putnam County, NY,19.29800027968116,"Putnam County,  NY"
ATNHPIUS19059A,Dickinson County, IA,44.47275300778483,"Dickinson County,  IA"
ATNHPIUS51121A,Montgomery County, VA,30.903648008911176,"Montgomery County,  VA"
